CLAVE UR,SERIE,BN CARTA,BN OFICIO,BN DC,COLOR CARTA,COLOR OFICIO,ENVIAR,COPIAR
UR-00D,CN076AM019,0,0,0,0,0,0,0
UR-00D,CN07MAM019,0,0,0,0,0,0,0
UR-00D,CN07NAM00H,0,0,0,0,0,0,0
UR-00D,CN07NAM00Q,0,0,0,0,0,0,0
UR-00D,CN07NAM017,0,0,0,0,0,0,0
UR-00D,CN07OAM005,0,0,0,0,0,0,0
UR-00D,CN07OAM014,0,0,0,0,0,0,0
UR-00D,CN07OAM015,0,0,0,0,0,0,0
UR-00D,CN07OAM017,0,0,0,0,0,0,0
UR-00D,CN094AM00N,0,0,0,0,0,0,0
UR-00D,CN094AM00Q,0,0,0,0,0,0,0
UR-00D,CN094AM019,0,0,0,0,0,0,0
UR-00D,CN094AM01C,0,0,0,0,0,0,0
UR-00D,CN094AM01H,0,0,0,0,0,0,0
UR-00D,CN094AM01N,0,0,0,0,0,0,0
UR-00D,CN117D900Z,0,0,0,0,0,0,0
UR-00D,CNBRP191DG,0,0,0,0,0,0,0
UR-00D,CNBRP193PM,0,0,0,0,0,0,0
UR-00D,CNBRP193VV,0,0,0,0,0,0,0
UR-00D,CNBRP194S3,0,0,0,0,0,0,0
UR-141,CNBRP2870Q,1567,0,0,0,0,352,147
UR-148,CNBRP2870Z,413,0,0,0,0,212,451
UR-00D,CNBRP2871B,0,0,0,0,0,0,0
UR-146,CNBRP2871K,553,0,0,0,0,245,67
UR-145,CNBRP2871V,325,0,0,0,0,501,102
UR-125,CNBRP28723,1045,0,0,0,0,241,227
UR-00D,CNBRP2874C,0,0,0,0,0,0,0
UR-150,CNBRP2874K,692,1,0,0,0,289,113
UR-140,CNBRP2874X,178,0,0,0,0,133,23
UR-151,CNBRP2875B,1254,10,0,0,0,261,211
UR-00D,CNBRP2875K,0,0,0,0,0,0,0
UR-138,CNBRP2875Z,229,0,0,0,0,252,0
UR-149,CNBRP2876B,897,0,0,0,0,513,345
UR-142,CNBRP2876P,665,10,0,0,0,781,423
UR-00D,CNBRP2876Y,0,0,0,0,0,0,0
UR-00D,CNBRP2877B,0,0,0,0,0,0,0
UR-00D,CNBRP2877L,0,0,0,0,0,0,0
UR-139,CNBRP2877Y,272,0,0,0,0,311,107
UR-143,CNBRP28787,357,0,0,0,0,159,144
UR-00D,CNBRP2878G,0,0,0,0,0,0,0
UR-00D,CNBRP2878X,0,0,0,0,0,0,0
UR-00D,CNBRP28798,0,0,0,0,0,0,0
UR-00D,CNBRP2879H,0,0,0,0,0,0,0
UR-310,CNBRP2879P,105,0,0,0,0,65,26
UR-710,CNBRP2879X,6930,3,0,0,0,7818,1085
UR-00D,CNBRP287BB,0,0,0,0,0,0,0
UR-312,CNBRP287BP,73,0,0,0,0,54,8
UR-00D,CNBRP287BW,0,0,0,0,0,0,0
UR-00D,CNBRP287C4,0,0,0,0,0,0,0
UR-712,CNBRP287CJ,594,0,0,0,0,40,42
UR-00D,CNBRP287CT,0,0,0,0,0,0,0
UR-00D,CNBRP287D6,0,0,0,0,0,0,0
UR-00D,CNBRP287DG,0,0,0,0,0,0,0
UR-00D,CNBRP287DQ,0,0,0,0,0,0,0
UR-712,CNBRP287DX,1778,53,0,0,0,592,446
UR-700,CNBRP287F9,1300,0,0,0,0,1211,633
UR-00D,CNBRP287FG,0,0,0,0,0,0,0
UR-00D,CNBRP287FW,0,0,0,0,0,0,0
UR-00D,CNBRP287G2,0,0,0,0,0,0,0
UR-00D,CNBRP287JX,0,0,0,0,0,0,0
UR-00D,CNBRP287K4,0,0,0,0,0,0,0
UR-00D,CNBRP287KH,0,0,0,0,0,0,0
UR-00D,CNBRP287KS,0,0,0,0,0,0,0
UR-00D,CNBRP287MD,0,0,0,0,0,0,0
UR-00D,CNBRP287ML,0,0,0,0,0,0,0
UR-00D,CNBRP287MT,0,0,0,0,0,0,0
UR-00D,CNBRP287N3,0,0,0,0,0,0,0
UR-00D,CNBRP287NB,0,0,0,0,0,0,0
UR-126,CNBRP287NY,347,0,0,0,0,100,140
UR-134,CNBRP287QL,384,25,0,0,0,688,93
UR-511,CNBRP287RW,698,0,0,0,0,457,103
UR-00D,CNBRP287SZ,0,0,0,0,0,0,0
UR-121,CNBRP287Y5,305,0,0,0,0,312,61
UR-133,CNBRP287YB,1157,0,0,0,0,813,85
UR-127,CNBRP287YV,493,0,0,0,0,413,114
UR-123,CNBRP287ZQ,272,0,0,0,0,179,62
UR-511,CNBRP28819,1365,0,0,0,0,38,9
UR-135,CNBRP2881K,177,4,0,0,0,311,121
UR-122,CNBRP2881R,384,13,0,0,0,182,78
UR-00D,CNBRP2881Z,0,0,0,0,0,0,0
UR-137,CNBRP2882J,916,0,0,0,0,306,156
UR-311,CNBRP2882W,25,0,0,0,0,2,6
UR-00D,CNBRP28837,0,0,0,0,0,0,0
UR-124,CNBRP2883V,509,0,0,0,0,194,108
UR-00D,CNBRP28842,0,0,0,0,0,0,0
UR-00D,CNBRP2884L,0,0,0,0,0,0,0
UR-00D,CNBRP2884Q,0,0,0,0,0,0,0
UR-136,CNBRP2884X,1161,0,0,0,0,602,259
UR-00D,CNBRP28854,0,0,0,0,0,0,0
UR-211,CNBRP2885H,125,0,0,0,0,108,30
UR-00D,CNBRP2885R,0,0,0,0,0,0,0
UR-514,CNBRP2886B,609,0,0,0,0,741,240
UR-00D,CNBRP2886K,0,0,0,0,0,0,0
UR-311,CNBRP2886V,36,0,0,0,0,1,9
UR-N00,CNBRP28874,558,0,0,0,0,358,26
UR-200,CNBRP2887D,30,0,0,0,0,17,3
UR-310,CNBRP2887K,262,0,0,0,0,0,55
UR-00D,CNBRP2887T,0,0,0,0,0,0,0
UR-00D,CNBRP2887Z,0,0,0,0,0,0,0
UR-00D,CNBRP28885,0,0,0,0,0,0,0
UR-611,CNBRP2888K,1300,0,0,0,0,437,734
UR-710,CNBRP2888Q,4328,0,0,0,0,7248,762
UR-00D,CNBRP2888Y,0,0,0,0,0,0,0
UR-114,CNBRP28893,15,0,0,0,0,0,0
UR-611,CNBRP2889F,354,0,0,0,0,92,243
UR-00D,CNBRP2889N,0,0,0,0,0,0,0
UR-712,CNBRP288JB,169,0,0,0,0,8,11
UR-700,CNBRP288JH,171,0,0,0,0,580,23
UR-N00,CNBRP288JN,1204,0,0,0,0,587,136
UR-114,CNBRP288JR,74,0,0,0,0,19,28
UR-00D,CNBRP288L9,0,0,0,0,0,0,0
UR-514,CNBRP288LG,60,0,0,0,0,7,1
UR-00D,CNBRP288M4,0,0,0,0,0,0,0
UR-00D,CNBRP288M6,0,0,0,0,0,0,0
UR-00D,CNBRP288MB,0,0,0,0,0,0,0
UR-00D,CNBRP288MF,0,0,0,0,0,0,0
UR-N00,CNBRP288MW,646,0,0,0,0,185,134
UR-700,CNBRP288N0,66,6,0,0,0,0,1
UR-00D,CNBRP288N4,0,0,0,0,0,0,0
UR-00D,CNBRP288N8,0,0,0,0,0,0,0
UR-00D,CNBRP288NL,0,0,0,0,0,0,0
UR-00D,CNBRP288NQ,0,0,0,0,0,0,0
UR-00D,CNBRP288NW,0,0,0,0,0,0,0
UR-00D,CNBRP288NX,0,0,0,0,0,0,0
UR-00D,CNBRP288P1,0,0,0,0,0,0,0
UR-00D,CNBRP288P8,0,0,0,0,0,0,0
UR-211,CNBRP288PK,14,0,0,0,0,0,0
UR-00D,CNBRP288PM,0,0,0,0,0,0,0
UR-00D,CNBRP288PS,0,0,0,0,0,0,0
UR-00D,CNBRP288PW,0,0,0,0,0,0,0
UR-700,CNBRP288Q2,635,2,0,0,0,582,131
UR-00D,CNBRP288Q5,0,0,0,0,0,0,0
UR-00D,CNBRP288QC,0,0,0,0,0,0,0
UR-00D,CNBRP288QH,0,0,0,0,0,0,0
UR-700,CNBRP288QK,1184,0,0,0,0,94,136
UR-00D,CNBRP288QN,0,0,0,0,0,0,0
UR-310,CNBRP288QR,199,0,0,0,0,109,23
UR-210,CNBRP288QW,1354,0,0,0,0,651,62
UR-00D,CNBRP288QZ,0,0,0,0,0,0,0
UR-118,CNBRP288RD,2463,1,0,0,0,76,119
UR-700,CNBRP288RH,824,0,0,0,0,141,5
UR-712,CNBRP288RL,2004,0,0,0,0,14,341
UR-511,CNBRP288RP,1447,0,0,0,0,472,175
UR-00D,CNBRP288RT,0,0,0,0,0,0,0
UR-00D,CNBRP288S0,0,0,0,0,0,0,0
UR-712,CNBRP288SB,427,0,0,0,0,584,151
UR-00D,CNBRP288SM,0,0,0,0,0,0,0
UR-00D,CNBRP288ST,0,0,0,0,0,0,0
UR-00D,CNBRP288SX,0,0,0,0,0,0,0
UR-710,CNBRP288T3,1376,0,0,0,0,3465,358
UR-712,CNBRP288T5,1737,1,0,0,0,898,338
UR-311,CNBRP288TB,669,100,0,0,0,564,119
UR-00D,CNBRP288TG,0,0,0,0,0,0,0
UR-00D,CNBRP288TP,0,0,0,0,0,0,0
UR-312,CNBRP288TR,901,0,0,0,0,43,133
UR-712,CNBRP288TZ,1172,0,0,0,0,601,423
UR-211,CNBRP288V4,92,0,0,0,0,128,11
UR-712,CNBRP288V7,3060,0,0,0,0,93,1230
UR-00D,CNBRP288VC,0,0,0,0,0,0,0
UR-00D,CNBRP288VK,0,0,0,0,0,0,0
UR-312,CNBRP288VP,170,0,0,0,0,79,63
UR-00D,CNBRP288VS,0,0,0,0,0,0,0
UR-312,CNBRP288VW,215,0,0,0,0,39,42
UR-514,CNBRP288W0,119,0,0,0,0,45,0
UR-00D,CNBRP288W8,0,0,0,0,0,0,0
UR-611,CNBRP288WF,291,0,0,0,0,2032,78
UR-N00,CNBRP288WJ,714,0,0,0,0,80,54
UR-00D,CNBRP288WP,0,0,0,0,0,0,0
UR-00D,CNBRP288X0,0,0,0,0,0,0,0
UR-00D,CNBRP288XN,0,0,0,0,0,0,0
UR-114,CNBRP288Y0,18,0,0,0,0,12,5
UR-00D,CNBRP288Z2,0,0,0,0,0,0,0
UR-311,CNBRP288Z6,4,0,0,0,0,1,0
UR-00D,CNBRP288ZK,0,0,0,0,0,0,0
UR-00D,CNBRP288ZN,0,0,0,0,0,0,0
UR-710,CNBRP288ZR,3366,0,0,0,0,4801,1174
UR-300,CNBRP288ZZ,562,0,0,0,0,301,76
UR-300,CNBRP28901,423,10,0,0,0,183,72
UR-173,CNBRP28906,6,0,0,0,0,0,0
UR-413,CNBRP2890K,211,0,0,0,0,7,28
UR-00D,CNBRP2890P,0,0,0,0,0,0,0
UR-710,CNBRP2890V,6698,17,0,0,0,6847,1028
UR-00D,CNBRP28910,0,0,0,0,0,0,0
UR-00D,CNBRP28913,0,0,0,0,0,0,0
UR-00D,CNBRP28917,0,0,0,0,0,0,0
UR-00D,CNBRP2891G,0,0,0,0,0,0,0
UR-00D,CNBRP2891P,0,0,0,0,0,0,0
UR-00D,CNBRP2891R,0,0,0,0,0,0,0
UR-00D,CNBRP28924,0,0,0,0,0,0,0
UR-N00,CNBRP28929,2468,0,0,0,0,1140,326
UR-00D,CNBRP2892D,0,0,0,0,0,0,0
UR-00D,CNBRP2892M,0,0,0,0,0,0,0
UR-611,CNBRP2892N,222,0,0,0,0,143,23
UR-114,CNBRP2892V,11,0,0,0,0,0,0
UR-00D,CNBRP28933,0,0,0,0,0,0,0
UR-600,CNBRP28939,1717,0,0,0,0,1728,192
UR-210,CNBRP2893D,31,0,0,0,0,19,6
UR-00D,CNBRP2893K,0,0,0,0,0,0,0
UR-00D,CNBRP2893R,0,0,0,0,0,0,0
UR-00D,CNBRP28942,0,0,0,0,0,0,0
UR-00D,CNBRP28946,0,0,0,0,0,0,0
UR-310,CNBRP2894N,780,0,0,0,0,42,158
UR-312,CNBRP2894X,736,0,0,0,0,0,3
UR-N00,CNBRP2894Y,2480,15,0,0,0,16,192
UR-00D,CNBRP28952,0,0,0,0,0,0,0
UR-00D,CNBRP28954,0,0,0,0,0,0,0
UR-211,CNBRP2895B,36,0,0,0,0,0,9
UR-00D,CNBRP2895H,0,0,0,0,0,0,0
UR-00D,CNBRP2895M,0,0,0,0,0,0,0
UR-311,CNBRP2895S,4,0,0,0,0,1,0
UR-200,CNBRP28960,225,0,0,0,0,52,39
UR-K00,CNBRP28964,1241,0,0,0,0,394,406
UR-00D,CNBRP28967,0,0,0,0,0,0,0
UR-114,CNBRP2896C,40,0,0,0,0,2,7
UR-00D,CNBRP2896G,0,0,0,0,0,0,0
UR-00D,CNBRP2896M,0,0,0,0,0,0,0
UR-600,CNBRP2896Q,1097,0,0,0,0,7426,162
UR-00D,CNBRP2896V,0,0,0,0,0,0,0
UR-611,CNBRP28970,424,0,0,0,0,80,225
UR-00D,CNBRP28974,0,0,0,0,0,0,0
UR-00D,CNC1N5P04M,0,0,0,0,0,0,0
UR-00D,CNC1N6J039,0,0,0,0,0,0,0
UR-712,CNMCM6D18K,4488,0,0,0,0,0,0
UR-00D,CNMCM6D1KL,0,0,0,0,0,0,0
UR-00D,CNNCLAN908,0,0,0,0,0,0,0
UR-00D,CNNCNCQ1KR,0,0,0,0,0,0,0
UR-00D,CNNCP3C0S8,0,0,0,0,0,0,0
UR-00D,CNNCP3C0XV,0,0,0,0,0,0,0
UR-00D,CNNCP3C0XW,0,0,0,0,0,0,0
UR-00D,CNNCP3C0XZ,0,0,0,0,0,0,0
UR-311,CNNCP3C0Y0,421,0,0,0,0,0,0
UR-511,CNNCP3C0Y4,880,0,0,0,0,0,0
UR-300,CNNCP3C0YD,14,0,0,0,0,0,0
UR-00D,JPBCM6503S,0,0,0,0,0,0,0
UR-00D,JPBCM65041,0,0,0,0,0,0,0
UR-00D,JPBCM6504G,0,0,0,0,0,0,0
UR-00D,JPBCM9D03L,0,0,0,0,0,0,0
UR-00D,JPBCMBF167,0,0,0,0,0,0,0
UR-00D,JPBCNB71DW,0,0,0,0,0,0,0
UR-00D,JPBCNB71J7,0,0,0,0,0,0,0
UR-210,JPBCNB71JL,8,0,0,99,0,0,0
UR-114,JPBCNB71JP,3,0,0,8,0,0,0
UR-00D,JPBCNB71JS,0,0,0,0,0,0,0
UR-00D,JPBCNB71JY,0,0,0,0,0,0,0
UR-312,JPBCNB71K0,18,0,0,405,0,0,0
UR-00D,JPBCNB71K1,0,0,0,0,0,0,0
UR-00D,JPBCNB71K4,0,0,0,0,0,0,0
UR-00D,JPBCNB71KC,0,0,0,0,0,0,0
UR-00D,JPBCNB71KG,0,0,0,0,0,0,0
UR-300,JPBCNB71KK,15,0,0,685,0,0,0
UR-314,JPBCNB71KQ,14,0,0,59,0,0,0
UR-00D,JPBCNB71KX,0,0,0,0,0,0,0
UR-00D,JPBCNB71KZ,0,0,0,0,0,0,0
UR-149,JPBCNB71L2,80,0,0,1261,0,0,0
UR-00D,JPBCNB71L7,0,0,0,0,0,0,0
UR-211,JPBCNB71LC,9,0,0,7,0,0,0
UR-151,JPBCNB71LF,459,0,0,33,0,0,0
UR-00D,JPBCNB71LJ,0,0,0,0,0,0,0
UR-148,JPBCNB71LS,6,0,0,10,0,0,0
UR-143,JPBCNB71LY,8,0,0,14,0,0,0
UR-150,JPBCNB71M2,55,0,0,261,0,0,0
UR-00D,JPBCNB71M6,0,0,0,0,0,0,0
UR-00D,JPBCNB71ML,0,0,0,0,0,0,0
UR-00D,JPBCNB71NR,0,0,0,0,0,0,0
UR-00D,JPBCNB71PB,0,0,0,0,0,0,0
UR-00D,JPBCNB71PK,0,0,0,0,0,0,0
UR-N00,JPBCNB71PT,262,9,0,4401,6,,0
UR-00D,JPBCNB71PZ,0,0,0,0,0,0,0
UR-00D,JPBCNB71Q1,0,0,0,0,0,0,0
UR-00D,JPBCNB71Q6,0,0,0,0,0,0,0
UR-00D,JPBCNB71Q9,0,0,0,0,0,0,0
UR-00D,JPBCNB71QG,0,0,0,0,0,0,0
UR0712,JPBCNB71QK,81,0,0,439,0,0,0
UR-00D,JPBCNB71QL,0,0,0,0,0,0,0
UR-00D,JPBCNB71QX,0,0,0,0,0,0,0
UR-00D,JPBCNB71R5,0,0,0,0,0,0,0
UR-00D,JPBCNB71XX,0,0,0,0,0,0,0
UR-122,JPBCNB71Y1,13,0,0,167,0,0,0
UR-K00,JPBCNB71Z2,45,0,0,336,0,0,0
UR-123,JPBCNB71ZC,16,0,0,192,0,0,0
UR-200,JPBCNB71ZD,194,0,0,653,0,0,0
UR-121,JPBCNB71ZH,29,0,0,321,0,0,0
UR-00D,JPBCNB71ZQ,0,0,0,0,0,0,0
UR-124,JPBCNB71ZT,13,0,0,45,0,0,0
UR-125,JPBCNB7201,15,0,0,130,0,0,0
UR-126,JPBCNB7205,24,0,0,30,0,0,0
UR-00D,JPBCNB720L,0,0,0,0,0,0,0
UR-N00,JPBCNB7213,97,0,0,1307,0,0,0
UR-200,JPBCP2915S,14,0,0,46,0,0,0
UR-710,JPBCP29164,316,0,0,1069,0,0,0
UR-00D,JPBCP2916M,0,0,0,0,0,0,0
UR-511,JPBCP2916P,14,0,0,530,0,0,0
UR-00D,JPBCP31017,0,0,0,0,0,0,0
UR-00D,JPBCP3104R,0,0,0,0,0,0,0
UR-140,JPBCP31059,8,0,0,22,0,0,0
UR-00D,JPBCP3105F,0,0,0,0,0,0,0
UR-141,JPBCP3105P,2551,0,0,167,1,0,0
UR-146,JPBCP3105S,16,0,0,78,0,0,0
UR-145,JPBCP3105W,86,0,0,284,0,0,0
UR-138,JPBCP3105Z,33,0,0,139,0,0,0
UR-139,JPBCP31062,229,0,0,38,0,0,0
UR-00D,JPBCP3106K,0,0,0,0,0,0,0
UR-142,JPBCP3106R,376,0,0,719,0,0,0
UR-00D,JPBCP3106V,0,0,0,0,0,0,0
UR-00D,JPBCP3106Z,0,0,0,0,0,0,0
UR-310,JPBCP3Q1HH,12,0,0,150,0,0,0
UR-00D,JPBCP3Q1HL,0,0,0,0,0,0,0
UR-00D,JPBCP3Q1HN,0,0,0,0,0,0,0
UR-00D,JPBCP3Q1HZ,0,0,0,0,0,0,0
UR-00D,JPBCP3Q1J3,0,0,0,0,0,0,0
UR-311,JPBCP3Q1JC,25,0,0,1138,0,0,0
UR-118,JPBCP3Q1JF,35,0,0,570,0,0,0
UR-00D,JPBCP3Q1JH,0,0,0,0,0,0,0
UR-00D,JPBCP3Q1JJ,0,0,0,0,0,0,0
UR-00D,JPBCP3Q1JM,0,0,0,0,0,0,0
UR-00D,JPBCP3Q1JY,0,0,0,0,0,0,0
UR-00D,JPBCP3Q1JZ,0,0,0,0,0,0,0
UR-00D,JPBCP441FR,0,0,0,0,0,0,0
UR-00D,JPBCP441G8,0,0,0,0,0,0,0
UR-00D,JPBCP4X0H2,0,0,0,0,0,0,0
UR-00D,JPBCP4X0HQ,0,0,0,0,0,0,0
UR-00D,JPBCP4X0J4,0,0,0,0,0,0,0
UR-137,JPBCP4X1FY,66,0,0,17,0,0,0
UR-00D,JPBCP4X1HH,0,0,0,0,0,0,0
UR-136,JPBCP4X1J8,43,0,0,254,0,0,0
UR-127,JPBCP4X1KK,110,0,0,6,0,0,0
UR-133,JPBCP4X1KN,117,0,0,619,15,0,0
UR-134,JPBCP4X1KX,28,0,0,45,0,0,0
UR-135,JPBCP4X1L0,205,0,0,142,0,0,0
UR-00D,JPBCP4X1LC,0,0,0,0,0,0,0
UR-00D,JPBCP4X1LX,0,0,0,0,0,0,0
UR-00D,MXSC15KG4J,0,0,0,0,0,0,0
UR-00D,MXSC15KG4P,0,0,0,0,0,0,0
UR-00D,MXSC185GSM,0,0,0,0,0,0,0
UR-00D,MXSC185GUM,0,0,0,0,0,0,0
UR-00D,MXSC185GV0,0,0,0,0,0,0,0
UR-00D,MXSC185GVM,0,0,0,0,0,0,0
UR-00D,MXSC185GY2,0,0,0,0,0,0,0
UR-00D,MXSC185H3T,0,0,0,0,0,0,0
UR-00D,MXSC189GXX,0,0,0,0,0,0,0
UR-00D,MXSC189GZ8,0,0,0,0,0,0,0
UR-00D,MXSC189H20,0,0,0,0,0,0,0
UR-00D,MXSC189H3D,0,0,0,0,0,0,0
UR-00D,MXSC189H45,0,0,0,0,0,0,0
UR-00D,MXSC189H4J,0,0,0,0,0,0,0
UR-00D,MXSC189HAD,0,0,0,0,0,0,0
UR-00D,MXSC18AGFR,0,0,0,0,0,0,0
UR-00D,MXSCMCJ06Q,0,0,0,0,0,0,0
UR-00D,MXSCMCJ077,0,0,0,0,0,0,0
UR-00D,MXSCMCJ07D,0,0,0,0,0,0,0
UR-00D,MXSCMCJ0CQ,0,0,0,0,0,0,0
UR-00D,MXSCMCJ0CZ,0,0,0,0,0,0,0
UR-00D,MXSCMCJ0FF,0,0,0,0,0,0,0
UR-700,MXSCMCJ0FJ,110,0,0,0,0,1149,20
UR-311,MXSCMCJ0FV,585,0,0,0,0,6,12
UR-514,MXSCMCJ0FZ,213,0,0,0,0,28,35
UR-311,MXSCMCJ0GN,4,0,0,0,0,0,0
UR-N00,MXSCMCJ0GS,1026,0,0,0,0,384,21
UR-00D,MXSCMCJ0H7,0,0,0,0,0,0,0
UR-300,MXSCMCJ0JM,464,1,0,0,0,1075,13
UR-N00,MXSCMCJ0KF,3126,0,0,0,0,2558,752
UR-N00,MXSCMCJ0KM,254,35,0,0,0,612,23
UR-00D,MXSCN2R0WZ,0,0,0,0,0,0,0
UR-114,MXSCN2R0XW,101,19,0,0,0,2,56
UR-710,MXSCN2R0Y8,1311,0,0,0,0,387,298
UR-00D,MXSCN2R0YG,0,0,0,0,0,0,0
UR-611,MXSCN2R0YP,72,0,0,0,0,69,64
UR-712,MXSCN2R0YZ,2110,0,0,0,0,514,149
UR-00D,MXSCN2R102,0,0,0,0,0,0,0
UR-00D,MXSCN2R106,0,0,0,0,0,0,0
UR-00D,MXSCN2R113,0,0,0,0,0,0,0
UR-00D,MXSCN2R1CK,0,0,0,0,0,0,0
UR-00D,MXSCN2R1G0,0,0,0,0,0,0,0
UR-00D,MXSCN2R1TZ,0,0,0,0,0,0,0
UR-00D,MXSCN2R1VW,0,0,0,0,0,0,0
UR-00D,MXSCN2R1WH,0,0,0,0,0,0,0
UR-300,MXSCN2R1Y3,1136,0,0,0,0,15,217
UR-211,MXSCN2R1YJ,73,0,0,0,0,314,32
UR-00D,MXSCN2R1YM,0,0,0,0,0,0,0
UR-N00,MXSCN2R1ZZ,1749,42,0,0,0,3983,142
UR-173,MXSCN2R20P,492,0,0,0,0,515,108
UR-00D,MXSCN2R20Z,0,0,0,0,0,0,0
UR-00D,MXSCN2R2GP,0,0,0,0,0,0,0
UR-700,MXSCN2R2N2,192,0,0,0,0,1300,46
UR-00D,MXSCN2R2QT,0,0,0,0,0,0,0
UR-00D,MXSCN2R2TV,0,0,0,0,0,0,0
UR-00D,MXSCN2R2V3,0,0,0,0,0,0,0
UR-00D,MXSCN2R2VF,0,0,0,0,0,0,0
UR-00D,MXSCN2R2VL,0,0,0,0,0,0,0
UR-00D,MXSCN2R2WC,0,0,0,0,0,0,0
UR-00D,MXSCN2R2WN,0,0,0,0,0,0,0
UR-712,MXSCN2V0KN,6212,0,0,0,0,6125,445
UR-00D,MXSCN2V0LM,0,0,0,0,0,0,0
UR-00D,MXSCN2V0LX,0,0,0,0,0,0,0
UR-00D,MXSCN2V0MG,0,0,0,0,0,0,0
UR-00D,MXSCN2V0MP,0,0,0,0,0,0,0
UR-511,MXSCN2V0T2,1967,0,0,0,0,229,208
UR-K00,MXSCN2V0V9,4702,0,0,0,0,394,340
UR-00D,MXSCN2V0VJ,0,0,0,0,0,0,0
UR-712,MXSCN2V0VR,3826,0,0,0,0,1153,187
UR-712,MXSCN2V0VY,6996,24,0,0,0,458,5874
UR-611,MXSCN2V12F,378,0,0,0,0,77,52
UR-00D,MXSCN2V12R,0,0,0,0,0,0,0
UR-00D,MXSCN2V12X,0,0,0,0,0,0,0
UR-00D,MXSCN2V13D,0,0,0,0,0,0,0
UR-00D,MXSCN2V13H,0,0,0,0,0,0,0
UR-00D,MXSCN2V13Q,0,0,0,0,0,0,0
UR-00D,MXSCN2V1B4,0,0,0,0,0,0,0
UR-511,MXSCN2V1BV,1162,0,0,0,0,762,192
UR-210,MXSCN3B0X6,1880,5,0,0,0,123,119
UR-00D,MXSCN3B0YG,0,0,0,0,0,0,0
UR-200,MXSCN3B0ZQ,239,1,0,0,0,252,51
UR-00D,MXSCN3B126,0,0,0,0,0,0,0
UR-00D,MXSCN3B12B,0,0,0,0,0,0,0
UR-00D,MXSCN3B12J,0,0,0,0,0,0,0
UR-00D,MXSCN3B12X,0,0,0,0,0,0,0
UR-00D,MXSCN3B131,0,0,0,0,0,0,0
UR-00D,MXSCN3B136,0,0,0,0,0,0,0
UR-00D,MXSCN3B13H,0,0,0,0,0,0,0
UR-611,MXSCN3B13L,425,0,0,0,0,17,63
UR-712,MXSCN3B146,3623,5,0,0,0,1534,1087
UR-712,MXSCN3B15C,2821,0,0,0,0,1508,434
UR-00D,MXSCN3B160,0,0,0,0,0,0,0
UR-700,MXSCN3B163,862,0,0,0,0,160,71
UR-00D,MXSCN3J19J,0,0,0,0,0,0,0
UR-00D,MXSCN3J1BR,0,0,0,0,0,0,0
UR-312,MXSCN3J1CF,1280,64,0,0,0,4265,82
UR-00D,MXSCN3J1CT,0,0,0,0,0,0,0
UR-00D,MXSCN3J1DJ,0,0,0,0,0,0,0
UR-00D,MXSCN3J1FC,0,0,0,0,0,0,0
UR-00D,MXSCN411FM,0,0,0,0,0,0,0
UR-300,MXSCN411J8,2777,0,0,0,0,639,405
UR-00D,MXSCN411L3,0,0,0,0,0,0,0
UR-00D,MXSCN411L7,0,0,0,0,0,0,0
UR-00D,MXSCN411LX,0,0,0,0,0,0,0
UR-00D,MXSCN411M0,0,0,0,0,0,0,0
UR-00D,MXSCN411MG,0,0,0,0,0,0,0
UR-N00,MXSCN411MH,237,0,0,0,0,2797,103
UR-613,MXSCN411MN,1025,13,0,0,0,200,236
UR-00D,MXSCN411MR,0,0,0,0,0,0,0
UR-00D,MXSCND21GY,0,0,0,0,0,0,0
UR-00D,MXSCP5D1SC,0,0,0,0,0,0,0
UR-00D,MXSCP5D1XQ,0,0,0,0,0,0,0
UR-00D,PHBTT05982,0,0,0,0,0,0,0
UR-00D,PHBTT05985,0,0,0,0,0,0,0
UR-114,PHBTT05987,2,0,0,0,0,0,0
UR-00D,PHBTT05992,0,0,0,0,0,0,0
UR-00D,PHBTT05996,0,0,0,0,0,0,0
UR-00D,PHBTT05997,0,0,0,0,0,0,0
UR-00D,PHBTT05998,0,0,0,0,0,0,0
UR-00D,PHBTT05999,0,0,0,0,0,0,0
UR-00D,PHBTT06000,0,0,0,0,0,0,0
UR-00D,PHBTT06001,0,0,0,0,0,0,0
UR-114,PHBTT06002,2,0,0,0,0,0,0
UR-313,PHBTT06003,155,0,0,0,0,0,0
UR-00D,PHBTT06004,0,0,0,0,0,0,0
UR-00D,PHBTT06008,0,0,0,0,0,0,0
UR-00D,PHBTT06019,0,0,0,0,0,0,0
UR-00D,PHBTT06027,0,0,0,0,0,0,0
UR-00D,PHBTT06032,0,0,0,0,0,0,0
UR-00D,PHBTT06033,0,0,0,0,0,0,0
UR-00D,PHBTT06034,0,0,0,0,0,0,0
UR-114,PHBTT06035,350,0,0,0,0,0,0
UR-312,PHBTT06036,12,0,0,0,0,0,0
UR-00D,PHBTT06037,0,0,0,0,0,0,0
UR-00D,PHBTT06038,0,0,0,0,0,0,0
UR-413,PHBTT06039,6,0,0,0,0,0,0
UR-00D,PHBTT06045,0,0,0,0,0,0,0
UR-00D,PHBTT06047,0,0,0,0,0,0,0
UR-00D,PHBTT06049,0,0,0,0,0,0,0
UR-00D,PHBTT06051,0,0,0,0,0,0,0
UR-00D,PHBTT06055,0,0,0,0,0,0,0
UR-00D,PHBTT06067,0,0,0,0,0,0,0
UR-00D,PHBTT06070,0,0,0,0,0,0,0
UR-712,PHBTT06072,4,0,0,0,0,0,0
UR-00D,PHBTT06077,0,0,0,0,0,0,0
UR-00D,PHBTT06078,0,0,0,0,0,0,0
UR-00D,PHBTT06079,0,0,0,0,0,0,0
UR-00D,PHBTT06080,0,0,0,0,0,0,0
UR-00D,PHBTT06082,0,0,0,0,0,0,0
UR-00D,PHBTT06083,0,0,0,0,0,0,0
UR-611,PHBTT06084,6,0,0,0,0,0,0
UR-00D,PHBTT06086,0,0,0,0,0,0,0
UR-312,PHBTT06090,7,0,0,0,0,0,0
UR-00D,PHBTT06108,0,0,0,0,0,0,0
UR-00D,PHBTT06111,0,0,0,0,0,0,0
UR-514,PHBTT06122,8,0,0,0,0,0,0
UR-712,PHBTT06124,8,0,0,0,0,0,0
UR-00D,PHBTT06125,0,0,0,0,0,0,0
UR-00D,PHBTT06126,0,0,0,0,0,0,0
UR-312,PHBTT06127,100,0,0,0,0,0,0
UR-514,PHBTT06128,150,0,0,0,0,0,0
UR-00D,PHBTT06129,0,0,0,0,0,0,0
UR-00D,PHBTT06131,0,0,0,0,0,0,0
UR-00D,PHBTT06132,0,0,0,0,0,0,0
UR-313,PHBTT06133,23,0,0,0,0,0,0
UR-00D,PHBTT06135,0,0,0,0,0,0,0
UR-00D,PHBTT06137,0,0,0,0,0,0,0
UR-00D,PHBTT06158,0,0,0,0,0,0,0
UR-00D,PHBTT06163,0,0,0,0,0,0,0
UR-00D,PHBTT06165,0,0,0,0,0,0,0
UR-00D,PHBTT06166,0,0,0,0,0,0,0
UR-00D,PHBTT06168,0,0,0,0,0,0,0
UR-00D,PHBTT06175,0,0,0,0,0,0,0
UR-00D,PHBTT06192,0,0,0,0,0,0,0
UR-00D,PHBTT06193,0,0,0,0,0,0,0
UR-00D,PHBTT06205,0,0,0,0,0,0,0
UR-00D,PHBTT06206,0,0,0,0,0,0,0
UR-00D,PHBTT06207,0,0,0,0,0,0,0
UR-00D,PHBTT06208,0,0,0,0,0,0,0
UR-211,PHBTT06209,5,0,0,0,0,0,0
UR-00D,PHBTT06210,0,0,0,0,0,0,0
UR-312,PHBTT06211,635,0,0,0,0,0,0
UR-00D,PHBTT06212,0,0,0,0,0,0,0
UR-00D,PHBTT06213,0,0,0,0,0,0,0
UR-00D,PHBTT06216,0,0,0,0,0,0,0
UR-211,PHBTT06218,145,0,0,0,0,0,0
UR-00D,PHBTT06219,0,0,0,0,0,0,0
UR-00D,PHBTT06220,0,0,0,0,0,0,0
UR-00D,PHBTT06221,0,0,0,0,0,0,0
UR-00D,PHBTT06222,0,0,0,0,0,0,0
UR-00D,PHBTT06224,0,0,0,0,0,0,0
UR-00D,PHBTT06225,0,0,0,0,0,0,0
UR-00D,PHBTT06226,0,0,0,0,0,0,0
UR-00D,PHBTT06227,0,0,0,0,0,0,0
UR-311,PHBTT06229,136,0,0,0,0,0,0
UR-140,PHBTT06230,114,0,0,0,0,0,0
UR-00D,PHBTT06231,0,0,0,0,0,0,0
UR-150,PHBTT06232,83,0,0,0,0,0,0
UR-143,PHBTT06233,68,0,0,0,0,0,0
UR-151,PHBTT06235,16,0,0,0,0,0,0
UR-145,PHBTT06236,45,0,0,0,0,0,0
UR-00D,PHBTT06237,0,0,0,0,0,0,0
UR-00D,PHBTT06238,0,0,0,0,0,0,0
UR-139,PHBTT06239,15,0,0,0,0,0,0
UR-136,PHBTT06242,97,0,0,0,0,0,0
UR-00D,PHBTT06243,0,0,0,0,0,0,0
UR-00D,PHBTT06245,0,0,0,0,0,0,0
UR-00D,PHBTT06246,0,0,0,0,0,0,0
UR-00D,PHBTT06247,0,0,0,0,0,0,0
UR-00D,PHBTT06249,0,0,0,0,0,0,0
UR-00D,PHBTT06366,0,0,0,0,0,0,0
UR-00D,PHBTT06405,0,0,0,0,0,0,0
UR-00D,PHBTT06406,0,0,0,0,0,0,0
UR-00D,PHBTT06407,0,0,0,0,0,0,0
UR-114,PHBTT06409,55,0,0,0,0,0,0
UR-00D,PHBTT06410,0,0,0,0,0,0,0
UR-00D,PHBTT06411,0,0,0,0,0,0,0
UR-00D,PHBTT06412,0,0,0,0,0,0,0
UR-00D,PHBTT06413,0,0,0,0,0,0,0
UR-00D,PHBTT06414,0,0,0,0,0,0,0
UR-00D,PHBTT06415,0,0,0,0,0,0,0
UR-00D,PHBTT06416,0,0,0,0,0,0,0
UR-514,PHBTT06417,646,0,0,0,0,0,0
UR-00D,PHBTT06418,0,0,0,0,0,0,0
UR-00D,PHBTT06419,0,0,0,0,0,0,0
UR-00D,PHBTT06420,0,0,0,0,0,0,0
UR-00D,PHBTT06422,0,0,0,0,0,0,0
UR-00D,PHBTT06423,0,0,0,0,0,0,0
UR-00D,PHBTT06424,0,0,0,0,0,0,0
UR-00D,PHBTT06426,0,0,0,0,0,0,0
UR-00D,PHBTT06427,0,0,0,0,0,0,0
UR-00D,PHBTT06428,0,0,0,0,0,0,0
UR-114,PHBTT06430,96,0,0,0,0,0,0
UR-00D,PHBTT06432,0,0,0,0,0,0,0
UR-00D,PHBTT06433,0,0,0,0,0,0,0
UR-00D,PHBTT06434,0,0,0,0,0,0,0
UR-00D,PHBTT06435,0,0,0,0,0,0,0
UR-00D,PHBTT06436,0,0,0,0,0,0,0
UR-00D,PHBTT06437,0,0,0,0,0,0,0
UR-00D,PHBTT06439,0,0,0,0,0,0,0
UR-00D,PHBTT06688,0,0,0,0,0,0,0
UR-00D,PHBTT06689,0,0,0,0,0,0,0
UR-00D,PHBTT06690,0,0,0,0,0,0,0
UR-712,PHBTT06691,38,0,0,0,0,0,0
UR-00D,PHBTT06692,0,0,0,0,0,0,0
UR-00D,PHBTT06693,0,0,0,0,0,0,0
UR-00D,PHBTT06694,0,0,0,0,0,0,0
UR-00D,PHBTT06695,0,0,0,0,0,0,0
UR-00D,PHBTT06696,0,0,0,0,0,0,0
UR-00D,PHBTT06697,0,0,0,0,0,0,0
UR-00D,PHBTT06698,0,0,0,0,0,0,0
UR-00D,PHBTT06700,0,0,0,0,0,0,0
UR-00D,PHBTT06743,0,0,0,0,0,0,0
UR-00D,PHBTT06746,0,0,0,0,0,0,0
UR-712,PHBTT06754,42,0,0,0,0,0,0
UR-00D,PHBTT06759,0,0,0,0,0,0,0
UR-00D,PHBTT06760,0,0,0,0,0,0,0
UR-00D,PHBTT06762,0,0,0,0,0,0,0
UR-114,PHBTT06763,132,0,0,0,0,0,0
UR-00D,PHBTT06765,0,0,0,0,0,0,0
UR-00D,PHBTT06767,0,0,0,0,0,0,0
UR-00D,PHBTT06768,0,0,0,0,0,0,0
UR-00D,PHBTT06769,0,0,0,0,0,0,0
UR-00D,PHBTT06770,0,0,0,0,0,0,0
UR-00D,PHBTT06771,0,0,0,0,0,0,0
UR-00D,PHBTT06772,0,0,0,0,0,0,0
UR-00D,PHBTT06774,0,0,0,0,0,0,0
UR-00D,PHBTT06776,0,0,0,0,0,0,0
UR-00D,PHBTT06786,0,0,0,0,0,0,0
UR-00D,PHBTT07106,0,0,0,0,0,0,0
UR-00D,PHBTT07126,0,0,0,0,0,0,0
UR-124,PHBTT07127,68,0,0,0,0,0,0
UR-173,PHBTT07128,5,0,0,0,0,0,0
UR-00D,PHBTT07130,0,0,0,0,0,0,0
UR-00D,PHBTT07131,0,0,0,0,0,0,0
UR-00D,PHBTT07142,0,0,0,0,0,0,0
UR-00D,PHBTT07146,0,0,0,0,0,0,0
UR-133,PHBTT07147,37,0,0,0,0,0,0
UR-00D,PHBTT07150,0,0,0,0,0,0,0
UR-00D,PHBTT07152,0,0,0,0,0,0,0
UR-00D,PHBTT07153,0,0,0,0,0,0,0
UR-00D,PHBTT07154,0,0,0,0,0,0,0
UR-00D,PHBTT07155,0,0,0,0,0,0,0
UR-148,PHBTT07158,83,0,0,0,0,0,0
UR-00D,PHBTT07159,0,0,0,0,0,0,0
UR-00D,PHBTT07162,0,0,0,0,0,0,0
UR-00D,PHBTT07163,0,0,0,0,0,0,0
UR-00D,PHBTT07164,0,0,0,0,0,0,0
UR-00D,PHBTT07165,0,0,0,0,0,0,0
UR-00D,PHBTT07166,0,0,0,0,0,0,0
UR-00D,PHBTT07168,0,0,0,0,0,0,0
UR-00D,PHBTT07169,0,0,0,0,0,0,0
UR-00D,PHBTT07170,0,0,0,0,0,0,0
UR-00D,PHBTT07171,0,0,0,0,0,0,0
UR-00D,PHBTT07172,0,0,0,0,0,0,0
UR-00D,PHBTT07173,0,0,0,0,0,0,0
UR-134,PHBTT07174,265,0,0,0,0,0,0
UR-149,PHBTT07351,266,0,0,0,0,0,0
UR-00D,PHBTT07360,0,0,0,0,0,0,0
UR-00D,PHBTT07363,0,0,0,0,0,0,0
UR-114,PHBTT07368,69,0,0,0,0,0,0
UR-138,PHBTT07369,25,0,0,0,0,0,0
UR-613,PHBTT07375,34,0,0,0,0,0,0
UR-00D,PHBTT07379,0,0,0,0,0,0,0
UR-00D,PHBTT07380,0,0,0,0,0,0,0
UR-312,PHBTT07382,42,0,0,0,0,0,0
UR-00D,PHBTT07383,0,0,0,0,0,0,0
UR-00D,PHBTT07384,0,0,0,0,0,0,0
UR-141,PHBTT07385,184,0,0,0,0,0,0
UR-00D,PHBTT07386,0,0,0,0,0,0,0
UR-135,PHBTT07394,418,0,0,0,0,0,0
UR-00D,PHBTT07479,0,0,0,0,0,0,0
UR-00D,PHBTT07486,0,0,0,0,0,0,0
UR-126,PHBTT07499,165,0,0,0,0,0,0
UR-611,PHBTT07517,42,0,0,0,0,0,0
UR-00D,PHBTT07518,0,0,0,0,0,0,0
UR-00D,PHBTT07529,0,0,0,0,0,0,0
UR-00D,PHBTT07538,0,0,0,0,0,0,0
UR-127,PHBTT07543,159,0,0,0,0,0,0
UR-00D,PHBTT07545,0,0,0,0,0,0,0
UR-121,PHBTT07546,38,0,0,0,0,0,0
UR-00D,PHBTT07547,0,0,0,0,0,0,0
UR-00D,PHBTT07548,0,0,0,0,0,0,0
UR-00D,PHBTT07549,0,0,0,0,0,0,0
UR-00D,PHBTT07550,0,0,0,0,0,0,0
UR-311,PHBTT07551,255,0,0,0,0,0,0
UR-611,PHBTT07552,39,0,0,0,0,0,0
UR-00D,PHBTT07553,0,0,0,0,0,0,0
UR-611,PHBTT07555,14,0,0,0,0,0,0
UR-00D,PHBTT07556,0,0,0,0,0,0,0
UR-00D,PHBTT07557,0,0,0,0,0,0,0
UR-211,PHBTT07558,85,0,0,0,0,0,0
UR-611,PHBTT07559,5,0,0,0,0,0,0
UR-00D,PHBTT07560,0,0,0,0,0,0,0
UR-211,PHBTT07561,429,0,0,0,0,0,0
UR-00D,PHBTT07563,0,0,0,0,0,0,0
UR-00D,PHBTT07564,0,0,0,0,0,0,0
UR-00D,PHBTT07568,0,0,0,0,0,0,0
UR-514,PHBTT07570,48,0,0,0,0,0,0
UR-00D,PHBTT07571,0,0,0,0,0,0,0
UR-00D,PHBTT07572,0,0,0,0,0,0,0
UR-00D,PHBTT07722,0,0,0,0,0,0,0
UR-00D,PHBTT07733,0,0,0,0,0,0,0
UR-00D,PHBTT07734,0,0,0,0,0,0,0
UR-00D,PHBTT07736,0,0,0,0,0,0,0
UR-00D,PHBTT07737,0,0,0,0,0,0,0
UR-00D,PHBTT07742,0,0,0,0,0,0,0
UR-00D,PHBTT07743,0,0,0,0,0,0,0
UR-00D,PHBTT07744,0,0,0,0,0,0,0
UR-00D,PHBTT07745,0,0,0,0,0,0,0
UR-00D,PHBTT07747,0,0,0,0,0,0,0
UR-514,PHBTT07748,27,0,0,0,0,0,0
UR-118,PHBTT07749,16,0,0,0,0,0,0
UR-00D,PHBTT07750,0,0,0,0,0,0,0
UR-00D,PHBTT07751,0,0,0,0,0,0,0
UR-00D,PHBTT07752,0,0,0,0,0,0,0
UR-00D,PHBTT07754,0,0,0,0,0,0,0
UR-00D,PHCCP2H0GP,0,0,0,0,0,0,0
UR-00D,PHCCP2H0ST,0,0,0,0,0,0,0
UR-00D,PHCCP2H0TL,0,0,0,0,0,0,0
UR-300,PHCCP2H0TR,59,5,0,0,0,0,0
UR-00D,PHCCP2H0TX,0,0,0,0,0,0,0
UR-00D,PHCCP2H0TZ,0,0,0,0,0,0,0
UR-710,PHCCP2H0V0,1171,0,0,0,0,0,0
UR-00D,PHCCP2H0V3,0,0,0,0,0,0,0
UR-00D,PHCCP2H0V4,0,0,0,0,0,0,0
UR-00D,PHCCP2H0V9,0,0,0,0,0,0,0
UR-311,PHCCP2H0VC,581,0,0,0,0,0,0
UR-00D,PHCCP2H0VD,0,0,0,0,0,0,0
UR-611,PHCCP2H0VH,433,0,0,0,0,0,0
UR-00D,PHCCP2H0VL,0,0,0,0,0,0,0
UR-00D,PHCCP2H0VP,0,0,0,0,0,0,0
UR-00D,PHCCP2H0VS,0,0,0,0,0,0,0
UR-N00,PHCCP2H0VY,1331,0,0,0,0,0,0
UR-00D,PHCCP2H0W0,0,0,0,0,0,0,0
UR-00D,PHCCP2H0W2,0,0,0,0,0,0,0
UR-00D,PHCCP2H0W4,0,0,0,0,0,0,0
UR-211,PHCCP2H0W6,282,0,0,0,0,0,0
UR-712,PHCCP2H0WC,401,0,0,0,0,0,0
UR-511,PHCCP2H0WG,805,0,0,0,0,0,0
UR-114,PHCCP2H0WJ,3,0,0,0,0,0,0
UR-00D,PHCCP2H0WM,0,0,0,0,0,0,0
UR-00D,PHCCP2H0WP,0,0,0,0,0,0,0
UR-00D,PHCCP2H0WT,0,0,0,0,0,0,0
UR-00D,PHCCP2H0WX,0,0,0,0,0,0,0
UR-00D,VNB3D48970,0,0,0,0,0,0,0
UR-00D,VNB3D48979,0,0,0,0,0,0,0
UR-00D,VNB3L33282,0,0,0,0,0,0,0
UR-00D,MXSC185H1K,,,,,,,
UR-00D,MXSCMCJ0CC,,,,,,,
UR-00D,MXSCN2R223,,,,,,,
UR-00D,MXSCN3B0ZM,,,,,,,
UR-00D,MXSCNC12QH,,,,,,,
UR-00D,MXSCNCY0S4,,,,,,,
UR-00D,MXSCNCY0SN,,,,,,,
UR-00D,MXSCND214V,,,,,,,
UR-00D,MXSCNDP2LF,,,,,,,
